full_name,short_name,short_name_2,type,year,rate
Aditya Birla Sunlife Insurance Company Ltd.,ABSLI,Aditya Birla Sunlife,month_13,2016,0.54
Aditya Birla Sunlife Insurance Company Ltd.,ABSLI,Aditya Birla Sunlife,month_13,2017,0.56
Aditya Birla Sunlife Insurance Company Ltd.,ABSLI,Aditya Birla Sunlife,month_13,2018,0.6
Aditya Birla Sunlife Insurance Company Ltd.,ABSLI,Aditya Birla Sunlife,month_13,2019,0.64
Aditya Birla Sunlife Insurance Company Ltd.,ABSLI,Aditya Birla Sunlife,month_13,2020,0.69
Aditya Birla Sunlife Insurance Company Ltd.,ABSLI,Aditya Birla Sunlife,month_13,2021,0.72
Aegon Life Insurance Company Ltd.,Aegon,Aegon Life,month_13,2016,0.620733543
Aegon Life Insurance Company Ltd.,Aegon,Aegon Life,month_13,2017,0.65
Aegon Life Insurance Company Ltd.,Aegon,Aegon Life,month_13,2018,0.8
Aegon Life Insurance Company Ltd.,Aegon,Aegon Life,month_13,2019,0.83
Aegon Life Insurance Company Ltd.,Aegon,Aegon Life,month_13,2020,0.84
Aegon Life Insurance Company Ltd.,Aegon,Aegon Life,month_13,2021,0.87
Ageas Federal Life Insurance Company Ltd.,Ageas,Ageas Federal Life,month_13,2016,0.618946868
Ageas Federal Life Insurance Company Ltd.,Ageas,Ageas Federal Life,month_13,2017,0.624063533
Ageas Federal Life Insurance Company Ltd.,Ageas,Ageas Federal Life,month_13,2018,0.68138916
Ageas Federal Life Insurance Company Ltd.,Ageas,Ageas Federal Life,month_13,2019,0.745323938
Ageas Federal Life Insurance Company Ltd.,Ageas,Ageas Federal Life,month_13,2020,0.7025
Ageas Federal Life Insurance Company Ltd.,Ageas,Ageas Federal Life,month_13,2021,0.733442355
Aviva Life Insurance Company India Ltd.,Aviva,Aviva Life,month_13,2016,0.624932406
Aviva Life Insurance Company India Ltd.,Aviva,Aviva Life,month_13,2017,0.708661587
Aviva Life Insurance Company India Ltd.,Aviva,Aviva Life,month_13,2018,0.745587651
Aviva Life Insurance Company India Ltd.,Aviva,Aviva Life,month_13,2019,0.727
Aviva Life Insurance Company India Ltd.,Aviva,Aviva Life,month_13,2020,0.691
Aviva Life Insurance Company India Ltd.,Aviva,Aviva Life,month_13,2021,0.643487966
Bajaj Allianz Life Insurance Company Ltd.,BALIC,Bajaj Allianz Life,month_13,2016,0.539502661
Bajaj Allianz Life Insurance Company Ltd.,BALIC,Bajaj Allianz Life,month_13,2017,0.5956
Bajaj Allianz Life Insurance Company Ltd.,BALIC,Bajaj Allianz Life,month_13,2018,0.644646544
Bajaj Allianz Life Insurance Company Ltd.,BALIC,Bajaj Allianz Life,month_13,2019,0.633784424
Bajaj Allianz Life Insurance Company Ltd.,BALIC,Bajaj Allianz Life,month_13,2020,0.6632
Bajaj Allianz Life Insurance Company Ltd.,BALIC,Bajaj Allianz Life,month_13,2021,0.70112986
Bharti AXA Life Insurance Company Ltd.,Bharti,Bharti AXA Life,month_13,2016,0.4973
Bharti AXA Life Insurance Company Ltd.,Bharti,Bharti AXA Life,month_13,2017,0.581891298
Bharti AXA Life Insurance Company Ltd.,Bharti,Bharti AXA Life,month_13,2018,0.574432895
Bharti AXA Life Insurance Company Ltd.,Bharti,Bharti AXA Life,month_13,2019,0.582135133
Bharti AXA Life Insurance Company Ltd.,Bharti,Bharti AXA Life,month_13,2020,0.5174
Bharti AXA Life Insurance Company Ltd.,Bharti,Bharti AXA Life,month_13,2021,0.38956418
Canara HSBC OBC Life Insurance Company Ltd.,CHOICE,Canara HSBC OBC Life,month_13,2016,0.592507085
Canara HSBC OBC Life Insurance Company Ltd.,CHOICE,Canara HSBC OBC Life,month_13,2017,0.689680126
Canara HSBC OBC Life Insurance Company Ltd.,CHOICE,Canara HSBC OBC Life,month_13,2018,0.697815415
Canara HSBC OBC Life Insurance Company Ltd.,CHOICE,Canara HSBC OBC Life,month_13,2019,0.735871346
Canara HSBC OBC Life Insurance Company Ltd.,CHOICE,Canara HSBC OBC Life,month_13,2020,0.7293
Canara HSBC OBC Life Insurance Company Ltd.,CHOICE,Canara HSBC OBC Life,month_13,2021,0.763006544
Edelweiss Tokio Life Insurance Company Ltd.,Edelweiss,Edelweiss Tokio Life,month_13,2016,0.639163812
Edelweiss Tokio Life Insurance Company Ltd.,Edelweiss,Edelweiss Tokio Life,month_13,2017,0.691557095
Edelweiss Tokio Life Insurance Company Ltd.,Edelweiss,Edelweiss Tokio Life,month_13,2018,0.739971584
Edelweiss Tokio Life Insurance Company Ltd.,Edelweiss,Edelweiss Tokio Life,month_13,2019,0.752124444
Edelweiss Tokio Life Insurance Company Ltd.,Edelweiss,Edelweiss Tokio Life,month_13,2020,0.7554
Edelweiss Tokio Life Insurance Company Ltd.,Edelweiss,Edelweiss Tokio Life,month_13,2021,0.731767177
Exide Life Insurance Company Ltd.,Exide,Exide Life,month_13,2016,0.588
Exide Life Insurance Company Ltd.,Exide,Exide Life,month_13,2017,0.586790584
Exide Life Insurance Company Ltd.,Exide,Exide Life,month_13,2018,0.58927662
Exide Life Insurance Company Ltd.,Exide,Exide Life,month_13,2019,0.596208911
Exide Life Insurance Company Ltd.,Exide,Exide Life,month_13,2020,0.5998
Exide Life Insurance Company Ltd.,Exide,Exide Life,month_13,2021,0.618106134
Future Generali India Life Insurance Company Ltd.,Future Generali,Future Generali India Life,month_13,2016,0.352263044
Future Generali India Life Insurance Company Ltd.,Future Generali,Future Generali India Life,month_13,2017,0.513095792
Future Generali India Life Insurance Company Ltd.,Future Generali,Future Generali India Life,month_13,2018,0.578386751
Future Generali India Life Insurance Company Ltd.,Future Generali,Future Generali India Life,month_13,2019,0.534862963
Future Generali India Life Insurance Company Ltd.,Future Generali,Future Generali India Life,month_13,2020,0.5704
Future Generali India Life Insurance Company Ltd.,Future Generali,Future Generali India Life,month_13,2021,0.627793317
HDFC Life Insurance Company Ltd.,HDFC,HDFC Life,month_13,2016,0.713339838
HDFC Life Insurance Company Ltd.,HDFC,HDFC Life,month_13,2017,0.67
HDFC Life Insurance Company Ltd.,HDFC,HDFC Life,month_13,2018,0.69
HDFC Life Insurance Company Ltd.,HDFC,HDFC Life,month_13,2019,0.71
HDFC Life Insurance Company Ltd.,HDFC,HDFC Life,month_13,2020,0.728
HDFC Life Insurance Company Ltd.,HDFC,HDFC Life,month_13,2021,0.774
ICICI Prudential Life Insurance Company Ltd.,ICICI Pru,ICICI Prudential Life,month_13,2016,0.787
ICICI Prudential Life Insurance Company Ltd.,ICICI Pru,ICICI Prudential Life,month_13,2017,0.80576258
ICICI Prudential Life Insurance Company Ltd.,ICICI Pru,ICICI Prudential Life,month_13,2018,0.807
ICICI Prudential Life Insurance Company Ltd.,ICICI Pru,ICICI Prudential Life,month_13,2019,0.788269619
ICICI Prudential Life Insurance Company Ltd.,ICICI Pru,ICICI Prudential Life,month_13,2020,0.819
ICICI Prudential Life Insurance Company Ltd.,ICICI Pru,ICICI Prudential Life,month_13,2021,0.808781708
IndiaFirst Life Insurance Company Ltd.,IFLI,IndiaFirst Life,month_13,2016,0.6053
IndiaFirst Life Insurance Company Ltd.,IFLI,IndiaFirst Life,month_13,2017,0.6556
IndiaFirst Life Insurance Company Ltd.,IFLI,IndiaFirst Life,month_13,2018,0.656099248
IndiaFirst Life Insurance Company Ltd.,IFLI,IndiaFirst Life,month_13,2019,0.6588
IndiaFirst Life Insurance Company Ltd.,IFLI,IndiaFirst Life,month_13,2020,0.6743
IndiaFirst Life Insurance Company Ltd.,IFLI,IndiaFirst Life,month_13,2021,0.711
Kotak Mahindra Life Insurance Ltd.,Kotak,Kotak Life,month_13,2016,0.768212771
Kotak Mahindra Life Insurance Ltd.,Kotak,Kotak Life,month_13,2017,0.79
Kotak Mahindra Life Insurance Ltd.,Kotak,Kotak Life,month_13,2018,0.811139101
Kotak Mahindra Life Insurance Ltd.,Kotak,Kotak Life,month_13,2019,0.8355
Kotak Mahindra Life Insurance Ltd.,Kotak,Kotak Life,month_13,2020,0.8074
Kotak Mahindra Life Insurance Ltd.,Kotak,Kotak Life,month_13,2021,0.834155586
MaxLife  Insurance Company Ltd.,Max,Max Life,month_13,2016,0.74
MaxLife  Insurance Company Ltd.,Max,Max Life,month_13,2017,0.77
MaxLife  Insurance Company Ltd.,Max,Max Life,month_13,2018,0.77
MaxLife  Insurance Company Ltd.,Max,Max Life,month_13,2019,0.79
MaxLife  Insurance Company Ltd.,Max,Max Life,month_13,2020,0.82
MaxLife  Insurance Company Ltd.,Max,Max Life,month_13,2021,0.79
PNB Metlife India Insurance Company Ltd.,PNB,PNB Metlife,month_13,2016,0.633
PNB Metlife India Insurance Company Ltd.,PNB,PNB Metlife,month_13,2017,0.6931
PNB Metlife India Insurance Company Ltd.,PNB,PNB Metlife,month_13,2018,0.717
PNB Metlife India Insurance Company Ltd.,PNB,PNB Metlife,month_13,2019,0.773171088
PNB Metlife India Insurance Company Ltd.,PNB,PNB Metlife,month_13,2020,0.7422
PNB Metlife India Insurance Company Ltd.,PNB,PNB Metlife,month_13,2021,0.7588
Pramerica Life Insurance Company Ltd.,Pramerica,Pramerica Life,month_13,2016,0.500837836
Pramerica Life Insurance Company Ltd.,Pramerica,Pramerica Life,month_13,2017,0.647649879
Pramerica Life Insurance Company Ltd.,Pramerica,Pramerica Life,month_13,2018,0.74328824
Pramerica Life Insurance Company Ltd.,Pramerica,Pramerica Life,month_13,2019,0.772
Pramerica Life Insurance Company Ltd.,Pramerica,Pramerica Life,month_13,2020,0.9079
Pramerica Life Insurance Company Ltd.,Pramerica,Pramerica Life,month_13,2021,0.940247132
Reliance Nippon  Life Insurance Company Ltd.,Reliance,Reliance Nippon Life,month_13,2016,0.558
Reliance Nippon  Life Insurance Company Ltd.,Reliance,Reliance Nippon Life,month_13,2017,0.603
Reliance Nippon  Life Insurance Company Ltd.,Reliance,Reliance Nippon Life,month_13,2018,0.664728725
Reliance Nippon  Life Insurance Company Ltd.,Reliance,Reliance Nippon Life,month_13,2019,0.725942777
Reliance Nippon  Life Insurance Company Ltd.,Reliance,Reliance Nippon Life,month_13,2020,0.7076
Reliance Nippon  Life Insurance Company Ltd.,Reliance,Reliance Nippon Life,month_13,2021,0.728805193
SBI Life Insurance Company Ltd.,SBI,SBI Life,month_13,2016,0.6925
SBI Life Insurance Company Ltd.,SBI,SBI Life,month_13,2017,0.688082725
SBI Life Insurance Company Ltd.,SBI,SBI Life,month_13,2018,0.698589663
SBI Life Insurance Company Ltd.,SBI,SBI Life,month_13,2019,0.7091
SBI Life Insurance Company Ltd.,SBI,SBI Life,month_13,2020,0.7119
SBI Life Insurance Company Ltd.,SBI,SBI Life,month_13,2021,0.792949014
Shriram Life Insurance Company Ltd.,Shriram,Shriram Life,month_13,2016,0.471936964
Shriram Life Insurance Company Ltd.,Shriram,Shriram Life,month_13,2017,0.444191697
Shriram Life Insurance Company Ltd.,Shriram,Shriram Life,month_13,2018,0.520224142
Shriram Life Insurance Company Ltd.,Shriram,Shriram Life,month_13,2019,0.572784016
Shriram Life Insurance Company Ltd.,Shriram,Shriram Life,month_13,2020,0.5407
Shriram Life Insurance Company Ltd.,Shriram,Shriram Life,month_13,2021,0.558773743
Star Union Dai-ichi Life Insurance Company Ltd.,SUD,Star Union Dai-ichi Life,month_13,2016,0.5289
Star Union Dai-ichi Life Insurance Company Ltd.,SUD,Star Union Dai-ichi Life,month_13,2017,0.604473926
Star Union Dai-ichi Life Insurance Company Ltd.,SUD,Star Union Dai-ichi Life,month_13,2018,0.6896
Star Union Dai-ichi Life Insurance Company Ltd.,SUD,Star Union Dai-ichi Life,month_13,2019,0.696280018
Star Union Dai-ichi Life Insurance Company Ltd.,SUD,Star Union Dai-ichi Life,month_13,2020,0.6592
Star Union Dai-ichi Life Insurance Company Ltd.,SUD,Star Union Dai-ichi Life,month_13,2021,0.694452628
TATA AIA Life Insurance Company Ltd.,Tata,Tata AIA Life,month_13,2016,0.5684
TATA AIA Life Insurance Company Ltd.,Tata,Tata AIA Life,month_13,2017,0.565794784
TATA AIA Life Insurance Company Ltd.,Tata,Tata AIA Life,month_13,2018,0.6533
TATA AIA Life Insurance Company Ltd.,Tata,Tata AIA Life,month_13,2019,0.7107
TATA AIA Life Insurance Company Ltd.,Tata,Tata AIA Life,month_13,2020,0.7305
TATA AIA Life Insurance Company Ltd.,Tata,Tata AIA Life,month_13,2021,0.701525173
Aditya Birla Sunlife Insurance Company Ltd.,ABSLI,Aditya Birla Sunlife,month_25,2016,0.42
Aditya Birla Sunlife Insurance Company Ltd.,ABSLI,Aditya Birla Sunlife,month_25,2017,0.49
Aditya Birla Sunlife Insurance Company Ltd.,ABSLI,Aditya Birla Sunlife,month_25,2018,0.51
Aditya Birla Sunlife Insurance Company Ltd.,ABSLI,Aditya Birla Sunlife,month_25,2019,0.54
Aditya Birla Sunlife Insurance Company Ltd.,ABSLI,Aditya Birla Sunlife,month_25,2020,0.53
Aditya Birla Sunlife Insurance Company Ltd.,ABSLI,Aditya Birla Sunlife,month_25,2021,0.62
Aegon Life Insurance Company Ltd.,Aegon,Aegon Life,month_25,2016,0.667785916
Aegon Life Insurance Company Ltd.,Aegon,Aegon Life,month_25,2017,0.55
Aegon Life Insurance Company Ltd.,Aegon,Aegon Life,month_25,2018,0.59
Aegon Life Insurance Company Ltd.,Aegon,Aegon Life,month_25,2019,0.74
Aegon Life Insurance Company Ltd.,Aegon,Aegon Life,month_25,2020,0.76
Aegon Life Insurance Company Ltd.,Aegon,Aegon Life,month_25,2021,0.79
Ageas Federal Life Insurance Company Ltd.,Ageas,Ageas Federal Life,month_25,2016,0.589278234
Ageas Federal Life Insurance Company Ltd.,Ageas,Ageas Federal Life,month_25,2017,0.562991367
Ageas Federal Life Insurance Company Ltd.,Ageas,Ageas Federal Life,month_25,2018,0.559953274
Ageas Federal Life Insurance Company Ltd.,Ageas,Ageas Federal Life,month_25,2019,0.613639375
Ageas Federal Life Insurance Company Ltd.,Ageas,Ageas Federal Life,month_25,2020,0.6567
Ageas Federal Life Insurance Company Ltd.,Ageas,Ageas Federal Life,month_25,2021,0.638630754
Aviva Life Insurance Company India Ltd.,Aviva,Aviva Life,month_25,2016,0.478281825
Aviva Life Insurance Company India Ltd.,Aviva,Aviva Life,month_25,2017,0.566366624
Aviva Life Insurance Company India Ltd.,Aviva,Aviva Life,month_25,2018,0.648136735
Aviva Life Insurance Company India Ltd.,Aviva,Aviva Life,month_25,2019,0.673
Aviva Life Insurance Company India Ltd.,Aviva,Aviva Life,month_25,2020,0.644
Aviva Life Insurance Company India Ltd.,Aviva,Aviva Life,month_25,2021,0.627580177
Bajaj Allianz Life Insurance Company Ltd.,BALIC,Bajaj Allianz Life,month_25,2016,0.421786749
Bajaj Allianz Life Insurance Company Ltd.,BALIC,Bajaj Allianz Life,month_25,2017,0.446992394
Bajaj Allianz Life Insurance Company Ltd.,BALIC,Bajaj Allianz Life,month_25,2018,0.500579022
Bajaj Allianz Life Insurance Company Ltd.,BALIC,Bajaj Allianz Life,month_25,2019,0.504686974
Bajaj Allianz Life Insurance Company Ltd.,BALIC,Bajaj Allianz Life,month_25,2020,0.5096
Bajaj Allianz Life Insurance Company Ltd.,BALIC,Bajaj Allianz Life,month_25,2021,0.58791929
Bharti AXA Life Insurance Company Ltd.,Bharti,Bharti AXA Life,month_25,2016,0.4246
Bharti AXA Life Insurance Company Ltd.,Bharti,Bharti AXA Life,month_25,2017,0.478259343
Bharti AXA Life Insurance Company Ltd.,Bharti,Bharti AXA Life,month_25,2018,0.501403899
Bharti AXA Life Insurance Company Ltd.,Bharti,Bharti AXA Life,month_25,2019,0.500297574
Bharti AXA Life Insurance Company Ltd.,Bharti,Bharti AXA Life,month_25,2020,0.4841
Bharti AXA Life Insurance Company Ltd.,Bharti,Bharti AXA Life,month_25,2021,0.442956123
Canara HSBC OBC Life Insurance Company Ltd.,CHOICE,Canara HSBC OBC Life,month_25,2016,0.470578196
Canara HSBC OBC Life Insurance Company Ltd.,CHOICE,Canara HSBC OBC Life,month_25,2017,0.538054787
Canara HSBC OBC Life Insurance Company Ltd.,CHOICE,Canara HSBC OBC Life,month_25,2018,0.60102635
Canara HSBC OBC Life Insurance Company Ltd.,CHOICE,Canara HSBC OBC Life,month_25,2019,0.614834928
Canara HSBC OBC Life Insurance Company Ltd.,CHOICE,Canara HSBC OBC Life,month_25,2020,0.6502
Canara HSBC OBC Life Insurance Company Ltd.,CHOICE,Canara HSBC OBC Life,month_25,2021,0.654948518
Edelweiss Tokio Life Insurance Company Ltd.,Edelweiss,Edelweiss Tokio Life,month_25,2016,0.409823895
Edelweiss Tokio Life Insurance Company Ltd.,Edelweiss,Edelweiss Tokio Life,month_25,2017,0.551308232
Edelweiss Tokio Life Insurance Company Ltd.,Edelweiss,Edelweiss Tokio Life,month_25,2018,0.583115603
Edelweiss Tokio Life Insurance Company Ltd.,Edelweiss,Edelweiss Tokio Life,month_25,2019,0.629381268
Edelweiss Tokio Life Insurance Company Ltd.,Edelweiss,Edelweiss Tokio Life,month_25,2020,0.6122
Edelweiss Tokio Life Insurance Company Ltd.,Edelweiss,Edelweiss Tokio Life,month_25,2021,0.660758581
Exide Life Insurance Company Ltd.,Exide,Exide Life,month_25,2016,0.523
Exide Life Insurance Company Ltd.,Exide,Exide Life,month_25,2017,0.523075406
Exide Life Insurance Company Ltd.,Exide,Exide Life,month_25,2018,0.519545559
Exide Life Insurance Company Ltd.,Exide,Exide Life,month_25,2019,0.521119414
Exide Life Insurance Company Ltd.,Exide,Exide Life,month_25,2020,0.525
Exide Life Insurance Company Ltd.,Exide,Exide Life,month_25,2021,0.534176573
Future Generali India Life Insurance Company Ltd.,Future Generali,Future Generali India Life,month_25,2016,0.315851993
Future Generali India Life Insurance Company Ltd.,Future Generali,Future Generali India Life,month_25,2017,0.322727395
Future Generali India Life Insurance Company Ltd.,Future Generali,Future Generali India Life,month_25,2018,0.406569465
Future Generali India Life Insurance Company Ltd.,Future Generali,Future Generali India Life,month_25,2019,0.456909003
Future Generali India Life Insurance Company Ltd.,Future Generali,Future Generali India Life,month_25,2020,0.4034
Future Generali India Life Insurance Company Ltd.,Future Generali,Future Generali India Life,month_25,2021,0.451283952
HDFC Life Insurance Company Ltd.,HDFC,HDFC Life,month_25,2016,0.612814124
HDFC Life Insurance Company Ltd.,HDFC,HDFC Life,month_25,2017,0.65
HDFC Life Insurance Company Ltd.,HDFC,HDFC Life,month_25,2018,0.61
HDFC Life Insurance Company Ltd.,HDFC,HDFC Life,month_25,2019,0.614
HDFC Life Insurance Company Ltd.,HDFC,HDFC Life,month_25,2020,0.624
HDFC Life Insurance Company Ltd.,HDFC,HDFC Life,month_25,2021,0.642
ICICI Prudential Life Insurance Company Ltd.,ICICI Pru,ICICI Prudential Life,month_25,2016,0.664
ICICI Prudential Life Insurance Company Ltd.,ICICI Pru,ICICI Prudential Life,month_25,2017,0.713287016
ICICI Prudential Life Insurance Company Ltd.,ICICI Pru,ICICI Prudential Life,month_25,2018,0.732
ICICI Prudential Life Insurance Company Ltd.,ICICI Pru,ICICI Prudential Life,month_25,2019,0.720058775
ICICI Prudential Life Insurance Company Ltd.,ICICI Pru,ICICI Prudential Life,month_25,2020,0.717
ICICI Prudential Life Insurance Company Ltd.,ICICI Pru,ICICI Prudential Life,month_25,2021,0.726086467
IndiaFirst Life Insurance Company Ltd.,IFLI,IndiaFirst Life,month_25,2016,0.497
IndiaFirst Life Insurance Company Ltd.,IFLI,IndiaFirst Life,month_25,2017,0.5159
IndiaFirst Life Insurance Company Ltd.,IFLI,IndiaFirst Life,month_25,2018,0.571042025
IndiaFirst Life Insurance Company Ltd.,IFLI,IndiaFirst Life,month_25,2019,0.5716
IndiaFirst Life Insurance Company Ltd.,IFLI,IndiaFirst Life,month_25,2020,0.5774
IndiaFirst Life Insurance Company Ltd.,IFLI,IndiaFirst Life,month_25,2021,0.582
Kotak Mahindra Life Insurance Ltd.,Kotak,Kotak Life,month_25,2016,0.638694464
Kotak Mahindra Life Insurance Ltd.,Kotak,Kotak Life,month_25,2017,0.68
Kotak Mahindra Life Insurance Ltd.,Kotak,Kotak Life,month_25,2018,0.706456966
Kotak Mahindra Life Insurance Ltd.,Kotak,Kotak Life,month_25,2019,0.7297
Kotak Mahindra Life Insurance Ltd.,Kotak,Kotak Life,month_25,2020,0.7358
Kotak Mahindra Life Insurance Ltd.,Kotak,Kotak Life,month_25,2021,0.746418919
MaxLife  Insurance Company Ltd.,Max,Max Life,month_25,2016,0.62
MaxLife  Insurance Company Ltd.,Max,Max Life,month_25,2017,0.67
MaxLife  Insurance Company Ltd.,Max,Max Life,month_25,2018,0.69
MaxLife  Insurance Company Ltd.,Max,Max Life,month_25,2019,0.67
MaxLife  Insurance Company Ltd.,Max,Max Life,month_25,2020,0.7
MaxLife  Insurance Company Ltd.,Max,Max Life,month_25,2021,0.67
PNB Metlife India Insurance Company Ltd.,PNB,PNB Metlife,month_25,2016,0.463
PNB Metlife India Insurance Company Ltd.,PNB,PNB Metlife,month_25,2017,0.5243
PNB Metlife India Insurance Company Ltd.,PNB,PNB Metlife,month_25,2018,0.5777
PNB Metlife India Insurance Company Ltd.,PNB,PNB Metlife,month_25,2019,0.626198323
PNB Metlife India Insurance Company Ltd.,PNB,PNB Metlife,month_25,2020,0.6271
PNB Metlife India Insurance Company Ltd.,PNB,PNB Metlife,month_25,2021,0.6301
Pramerica Life Insurance Company Ltd.,Pramerica,Pramerica Life,month_25,2016,0.3471481
Pramerica Life Insurance Company Ltd.,Pramerica,Pramerica Life,month_25,2017,0.468778262
Pramerica Life Insurance Company Ltd.,Pramerica,Pramerica Life,month_25,2018,0.592794295
Pramerica Life Insurance Company Ltd.,Pramerica,Pramerica Life,month_25,2019,0.661
Pramerica Life Insurance Company Ltd.,Pramerica,Pramerica Life,month_25,2020,0.8383
Pramerica Life Insurance Company Ltd.,Pramerica,Pramerica Life,month_25,2021,0.852761034
Reliance Nippon  Life Insurance Company Ltd.,Reliance,Reliance Nippon Life,month_25,2016,0.4486
Reliance Nippon  Life Insurance Company Ltd.,Reliance,Reliance Nippon Life,month_25,2017,0.469
Reliance Nippon  Life Insurance Company Ltd.,Reliance,Reliance Nippon Life,month_25,2018,0.507796314
Reliance Nippon  Life Insurance Company Ltd.,Reliance,Reliance Nippon Life,month_25,2019,0.582406686
Reliance Nippon  Life Insurance Company Ltd.,Reliance,Reliance Nippon Life,month_25,2020,0.6213
Reliance Nippon  Life Insurance Company Ltd.,Reliance,Reliance Nippon Life,month_25,2021,0.613498417
SBI Life Insurance Company Ltd.,SBI,SBI Life,month_25,2016,0.5931
SBI Life Insurance Company Ltd.,SBI,SBI Life,month_25,2017,0.580306976
SBI Life Insurance Company Ltd.,SBI,SBI Life,month_25,2018,0.598064342
SBI Life Insurance Company Ltd.,SBI,SBI Life,month_25,2019,0.62
SBI Life Insurance Company Ltd.,SBI,SBI Life,month_25,2020,0.6333
SBI Life Insurance Company Ltd.,SBI,SBI Life,month_25,2021,0.661907703
Shriram Life Insurance Company Ltd.,Shriram,Shriram Life,month_25,2016,0.333901859
Shriram Life Insurance Company Ltd.,Shriram,Shriram Life,month_25,2017,0.306446895
Shriram Life Insurance Company Ltd.,Shriram,Shriram Life,month_25,2018,0.305760081
Shriram Life Insurance Company Ltd.,Shriram,Shriram Life,month_25,2019,0.416670033
Shriram Life Insurance Company Ltd.,Shriram,Shriram Life,month_25,2020,0.3953
Shriram Life Insurance Company Ltd.,Shriram,Shriram Life,month_25,2021,0.402843358
Star Union Dai-ichi Life Insurance Company Ltd.,SUD,Star Union Dai-ichi Life,month_25,2016,0.4421
Star Union Dai-ichi Life Insurance Company Ltd.,SUD,Star Union Dai-ichi Life,month_25,2017,0.423048103
Star Union Dai-ichi Life Insurance Company Ltd.,SUD,Star Union Dai-ichi Life,month_25,2018,0.5947
Star Union Dai-ichi Life Insurance Company Ltd.,SUD,Star Union Dai-ichi Life,month_25,2019,0.607615159
Star Union Dai-ichi Life Insurance Company Ltd.,SUD,Star Union Dai-ichi Life,month_25,2020,0.5367
Star Union Dai-ichi Life Insurance Company Ltd.,SUD,Star Union Dai-ichi Life,month_25,2021,0.562365321
TATA AIA Life Insurance Company Ltd.,Tata,Tata AIA Life,month_25,2016,0.4583
TATA AIA Life Insurance Company Ltd.,Tata,Tata AIA Life,month_25,2017,0.495769557
TATA AIA Life Insurance Company Ltd.,Tata,Tata AIA Life,month_25,2018,0.4903
TATA AIA Life Insurance Company Ltd.,Tata,Tata AIA Life,month_25,2019,0.5775
TATA AIA Life Insurance Company Ltd.,Tata,Tata AIA Life,month_25,2020,0.6489
TATA AIA Life Insurance Company Ltd.,Tata,Tata AIA Life,month_25,2021,0.636691116
Aditya Birla Sunlife Insurance Company Ltd.,ABSLI,Aditya Birla Sunlife,month_37,2016,0.34
Aditya Birla Sunlife Insurance Company Ltd.,ABSLI,Aditya Birla Sunlife,month_37,2017,0.37
Aditya Birla Sunlife Insurance Company Ltd.,ABSLI,Aditya Birla Sunlife,month_37,2018,0.44
Aditya Birla Sunlife Insurance Company Ltd.,ABSLI,Aditya Birla Sunlife,month_37,2019,0.45
Aditya Birla Sunlife Insurance Company Ltd.,ABSLI,Aditya Birla Sunlife,month_37,2020,0.44
Aditya Birla Sunlife Insurance Company Ltd.,ABSLI,Aditya Birla Sunlife,month_37,2021,0.48
Aegon Life Insurance Company Ltd.,Aegon,Aegon Life,month_37,2016,0.605407676
Aegon Life Insurance Company Ltd.,Aegon,Aegon Life,month_37,2017,0.63
Aegon Life Insurance Company Ltd.,Aegon,Aegon Life,month_37,2018,0.51
Aegon Life Insurance Company Ltd.,Aegon,Aegon Life,month_37,2019,0.55
Aegon Life Insurance Company Ltd.,Aegon,Aegon Life,month_37,2020,0.68
Aegon Life Insurance Company Ltd.,Aegon,Aegon Life,month_37,2021,0.72
Ageas Federal Life Insurance Company Ltd.,Ageas,Ageas Federal Life,month_37,2016,0.49117248
Ageas Federal Life Insurance Company Ltd.,Ageas,Ageas Federal Life,month_37,2017,0.544559709
Ageas Federal Life Insurance Company Ltd.,Ageas,Ageas Federal Life,month_37,2018,0.518709589
Ageas Federal Life Insurance Company Ltd.,Ageas,Ageas Federal Life,month_37,2019,0.507394515
Ageas Federal Life Insurance Company Ltd.,Ageas,Ageas Federal Life,month_37,2020,0.5326
Ageas Federal Life Insurance Company Ltd.,Ageas,Ageas Federal Life,month_37,2021,0.60871174
Aviva Life Insurance Company India Ltd.,Aviva,Aviva Life,month_37,2016,0.442599572
Aviva Life Insurance Company India Ltd.,Aviva,Aviva Life,month_37,2017,0.438982416
Aviva Life Insurance Company India Ltd.,Aviva,Aviva Life,month_37,2018,0.51460365
Aviva Life Insurance Company India Ltd.,Aviva,Aviva Life,month_37,2019,0.597
Aviva Life Insurance Company India Ltd.,Aviva,Aviva Life,month_37,2020,0.608
Aviva Life Insurance Company India Ltd.,Aviva,Aviva Life,month_37,2021,0.605954368
Bajaj Allianz Life Insurance Company Ltd.,BALIC,Bajaj Allianz Life,month_37,2016,0.33401008
Bajaj Allianz Life Insurance Company Ltd.,BALIC,Bajaj Allianz Life,month_37,2017,0.358949064
Bajaj Allianz Life Insurance Company Ltd.,BALIC,Bajaj Allianz Life,month_37,2018,0.412994169
Bajaj Allianz Life Insurance Company Ltd.,BALIC,Bajaj Allianz Life,month_37,2019,0.455042252
Bajaj Allianz Life Insurance Company Ltd.,BALIC,Bajaj Allianz Life,month_37,2020,0.4175
Bajaj Allianz Life Insurance Company Ltd.,BALIC,Bajaj Allianz Life,month_37,2021,0.460393095
Bharti AXA Life Insurance Company Ltd.,Bharti,Bharti AXA Life,month_37,2016,0.3339
Bharti AXA Life Insurance Company Ltd.,Bharti,Bharti AXA Life,month_37,2017,0.458941088
Bharti AXA Life Insurance Company Ltd.,Bharti,Bharti AXA Life,month_37,2018,0.429879875
Bharti AXA Life Insurance Company Ltd.,Bharti,Bharti AXA Life,month_37,2019,0.455336962
Bharti AXA Life Insurance Company Ltd.,Bharti,Bharti AXA Life,month_37,2020,0.4211
Bharti AXA Life Insurance Company Ltd.,Bharti,Bharti AXA Life,month_37,2021,0.428584848
Canara HSBC OBC Life Insurance Company Ltd.,CHOICE,Canara HSBC OBC Life,month_37,2016,0.407007103
Canara HSBC OBC Life Insurance Company Ltd.,CHOICE,Canara HSBC OBC Life,month_37,2017,0.439882798
Canara HSBC OBC Life Insurance Company Ltd.,CHOICE,Canara HSBC OBC Life,month_37,2018,0.494927687
Canara HSBC OBC Life Insurance Company Ltd.,CHOICE,Canara HSBC OBC Life,month_37,2019,0.547389814
Canara HSBC OBC Life Insurance Company Ltd.,CHOICE,Canara HSBC OBC Life,month_37,2020,0.553
Canara HSBC OBC Life Insurance Company Ltd.,CHOICE,Canara HSBC OBC Life,month_37,2021,0.603275388
Edelweiss Tokio Life Insurance Company Ltd.,Edelweiss,Edelweiss Tokio Life,month_37,2016,0.306538613
Edelweiss Tokio Life Insurance Company Ltd.,Edelweiss,Edelweiss Tokio Life,month_37,2017,0.362381621
Edelweiss Tokio Life Insurance Company Ltd.,Edelweiss,Edelweiss Tokio Life,month_37,2018,0.495154413
Edelweiss Tokio Life Insurance Company Ltd.,Edelweiss,Edelweiss Tokio Life,month_37,2019,0.527857769
Edelweiss Tokio Life Insurance Company Ltd.,Edelweiss,Edelweiss Tokio Life,month_37,2020,0.5488
Edelweiss Tokio Life Insurance Company Ltd.,Edelweiss,Edelweiss Tokio Life,month_37,2021,0.557508471
Exide Life Insurance Company Ltd.,Exide,Exide Life,month_37,2016,0.429
Exide Life Insurance Company Ltd.,Exide,Exide Life,month_37,2017,0.433421269
Exide Life Insurance Company Ltd.,Exide,Exide Life,month_37,2018,0.435518015
Exide Life Insurance Company Ltd.,Exide,Exide Life,month_37,2019,0.435442458
Exide Life Insurance Company Ltd.,Exide,Exide Life,month_37,2020,0.4373
Exide Life Insurance Company Ltd.,Exide,Exide Life,month_37,2021,0.476510413
Future Generali India Life Insurance Company Ltd.,Future Generali,Future Generali India Life,month_37,2016,0.291986301
Future Generali India Life Insurance Company Ltd.,Future Generali,Future Generali India Life,month_37,2017,0.295300579
Future Generali India Life Insurance Company Ltd.,Future Generali,Future Generali India Life,month_37,2018,0.270455407
Future Generali India Life Insurance Company Ltd.,Future Generali,Future Generali India Life,month_37,2019,0.340738244
Future Generali India Life Insurance Company Ltd.,Future Generali,Future Generali India Life,month_37,2020,0.3662
Future Generali India Life Insurance Company Ltd.,Future Generali,Future Generali India Life,month_37,2021,0.326958757
HDFC Life Insurance Company Ltd.,HDFC,HDFC Life,month_37,2016,0.551737582
HDFC Life Insurance Company Ltd.,HDFC,HDFC Life,month_37,2017,0.58
HDFC Life Insurance Company Ltd.,HDFC,HDFC Life,month_37,2018,0.6
HDFC Life Insurance Company Ltd.,HDFC,HDFC Life,month_37,2019,0.563
HDFC Life Insurance Company Ltd.,HDFC,HDFC Life,month_37,2020,0.552
HDFC Life Insurance Company Ltd.,HDFC,HDFC Life,month_37,2021,0.57
ICICI Prudential Life Insurance Company Ltd.,ICICI Pru,ICICI Prudential Life,month_37,2016,0.564
ICICI Prudential Life Insurance Company Ltd.,ICICI Pru,ICICI Prudential Life,month_37,2017,0.617686119
ICICI Prudential Life Insurance Company Ltd.,ICICI Pru,ICICI Prudential Life,month_37,2018,0.663
ICICI Prudential Life Insurance Company Ltd.,ICICI Pru,ICICI Prudential Life,month_37,2019,0.665449488
ICICI Prudential Life Insurance Company Ltd.,ICICI Pru,ICICI Prudential Life,month_37,2020,0.66
ICICI Prudential Life Insurance Company Ltd.,ICICI Pru,ICICI Prudential Life,month_37,2021,0.644545422
IndiaFirst Life Insurance Company Ltd.,IFLI,IndiaFirst Life,month_37,2016,0.5061
IndiaFirst Life Insurance Company Ltd.,IFLI,IndiaFirst Life,month_37,2017,0.447
IndiaFirst Life Insurance Company Ltd.,IFLI,IndiaFirst Life,month_37,2018,0.470248695
IndiaFirst Life Insurance Company Ltd.,IFLI,IndiaFirst Life,month_37,2019,0.5216
IndiaFirst Life Insurance Company Ltd.,IFLI,IndiaFirst Life,month_37,2020,0.5161
IndiaFirst Life Insurance Company Ltd.,IFLI,IndiaFirst Life,month_37,2021,0.5086
Kotak Mahindra Life Insurance Ltd.,Kotak,Kotak Life,month_37,2016,0.559378062
Kotak Mahindra Life Insurance Ltd.,Kotak,Kotak Life,month_37,2017,0.59
Kotak Mahindra Life Insurance Ltd.,Kotak,Kotak Life,month_37,2018,0.632058787
Kotak Mahindra Life Insurance Ltd.,Kotak,Kotak Life,month_37,2019,0.654
Kotak Mahindra Life Insurance Ltd.,Kotak,Kotak Life,month_37,2020,0.6489
Kotak Mahindra Life Insurance Ltd.,Kotak,Kotak Life,month_37,2021,0.682599116
MaxLife  Insurance Company Ltd.,Max,Max Life,month_37,2016,0.53
MaxLife  Insurance Company Ltd.,Max,Max Life,month_37,2017,0.55
MaxLife  Insurance Company Ltd.,Max,Max Life,month_37,2018,0.58
MaxLife  Insurance Company Ltd.,Max,Max Life,month_37,2019,0.6
MaxLife  Insurance Company Ltd.,Max,Max Life,month_37,2020,0.61
MaxLife  Insurance Company Ltd.,Max,Max Life,month_37,2021,0.58
PNB Metlife India Insurance Company Ltd.,PNB,PNB Metlife,month_37,2016,0.358
PNB Metlife India Insurance Company Ltd.,PNB,PNB Metlife,month_37,2017,0.4069
PNB Metlife India Insurance Company Ltd.,PNB,PNB Metlife,month_37,2018,0.4584
PNB Metlife India Insurance Company Ltd.,PNB,PNB Metlife,month_37,2019,0.518253689
PNB Metlife India Insurance Company Ltd.,PNB,PNB Metlife,month_37,2020,0.5329
PNB Metlife India Insurance Company Ltd.,PNB,PNB Metlife,month_37,2021,0.5584
Pramerica Life Insurance Company Ltd.,Pramerica,Pramerica Life,month_37,2016,0.188046158
Pramerica Life Insurance Company Ltd.,Pramerica,Pramerica Life,month_37,2017,0.331195952
Pramerica Life Insurance Company Ltd.,Pramerica,Pramerica Life,month_37,2018,0.396795637
Pramerica Life Insurance Company Ltd.,Pramerica,Pramerica Life,month_37,2019,0.541
Pramerica Life Insurance Company Ltd.,Pramerica,Pramerica Life,month_37,2020,0.749
Pramerica Life Insurance Company Ltd.,Pramerica,Pramerica Life,month_37,2021,0.777994198
Reliance Nippon  Life Insurance Company Ltd.,Reliance,Reliance Nippon Life,month_37,2016,0.3909
Reliance Nippon  Life Insurance Company Ltd.,Reliance,Reliance Nippon Life,month_37,2017,0.401
Reliance Nippon  Life Insurance Company Ltd.,Reliance,Reliance Nippon Life,month_37,2018,0.419654645
Reliance Nippon  Life Insurance Company Ltd.,Reliance,Reliance Nippon Life,month_37,2019,0.462960551
Reliance Nippon  Life Insurance Company Ltd.,Reliance,Reliance Nippon Life,month_37,2020,0.5028
Reliance Nippon  Life Insurance Company Ltd.,Reliance,Reliance Nippon Life,month_37,2021,0.560320894
SBI Life Insurance Company Ltd.,SBI,SBI Life,month_37,2016,0.4996
SBI Life Insurance Company Ltd.,SBI,SBI Life,month_37,2017,0.554624956
SBI Life Insurance Company Ltd.,SBI,SBI Life,month_37,2018,0.531444396
SBI Life Insurance Company Ltd.,SBI,SBI Life,month_37,2019,0.5523
SBI Life Insurance Company Ltd.,SBI,SBI Life,month_37,2020,0.5631
SBI Life Insurance Company Ltd.,SBI,SBI Life,month_37,2021,0.543402816
Shriram Life Insurance Company Ltd.,Shriram,Shriram Life,month_37,2016,0.252440624
Shriram Life Insurance Company Ltd.,Shriram,Shriram Life,month_37,2017,0.280343438
Shriram Life Insurance Company Ltd.,Shriram,Shriram Life,month_37,2018,0.259679381
Shriram Life Insurance Company Ltd.,Shriram,Shriram Life,month_37,2019,0.25061585
Shriram Life Insurance Company Ltd.,Shriram,Shriram Life,month_37,2020,0.3087
Shriram Life Insurance Company Ltd.,Shriram,Shriram Life,month_37,2021,0.310532107
Star Union Dai-ichi Life Insurance Company Ltd.,SUD,Star Union Dai-ichi Life,month_37,2016,0.3363
Star Union Dai-ichi Life Insurance Company Ltd.,SUD,Star Union Dai-ichi Life,month_37,2017,0.35451505
Star Union Dai-ichi Life Insurance Company Ltd.,SUD,Star Union Dai-ichi Life,month_37,2018,0.5141
Star Union Dai-ichi Life Insurance Company Ltd.,SUD,Star Union Dai-ichi Life,month_37,2019,0.542593729
Star Union Dai-ichi Life Insurance Company Ltd.,SUD,Star Union Dai-ichi Life,month_37,2020,0.4614
Star Union Dai-ichi Life Insurance Company Ltd.,SUD,Star Union Dai-ichi Life,month_37,2021,0.475985708
TATA AIA Life Insurance Company Ltd.,Tata,Tata AIA Life,month_37,2016,0.3791
TATA AIA Life Insurance Company Ltd.,Tata,Tata AIA Life,month_37,2017,0.418500457
TATA AIA Life Insurance Company Ltd.,Tata,Tata AIA Life,month_37,2018,0.4581
TATA AIA Life Insurance Company Ltd.,Tata,Tata AIA Life,month_37,2019,0.4511
TATA AIA Life Insurance Company Ltd.,Tata,Tata AIA Life,month_37,2020,0.5462
TATA AIA Life Insurance Company Ltd.,Tata,Tata AIA Life,month_37,2021,0.571608417
Aditya Birla Sunlife Insurance Company Ltd.,ABSLI,Aditya Birla Sunlife,month_49,2016,0.31
Aditya Birla Sunlife Insurance Company Ltd.,ABSLI,Aditya Birla Sunlife,month_49,2017,0.32
Aditya Birla Sunlife Insurance Company Ltd.,ABSLI,Aditya Birla Sunlife,month_49,2018,0.35
Aditya Birla Sunlife Insurance Company Ltd.,ABSLI,Aditya Birla Sunlife,month_49,2019,0.41
Aditya Birla Sunlife Insurance Company Ltd.,ABSLI,Aditya Birla Sunlife,month_49,2020,0.39
Aditya Birla Sunlife Insurance Company Ltd.,ABSLI,Aditya Birla Sunlife,month_49,2021,0.42
Aegon Life Insurance Company Ltd.,Aegon,Aegon Life,month_49,2016,0.3982664
Aegon Life Insurance Company Ltd.,Aegon,Aegon Life,month_49,2017,0.58
Aegon Life Insurance Company Ltd.,Aegon,Aegon Life,month_49,2018,0.61
Aegon Life Insurance Company Ltd.,Aegon,Aegon Life,month_49,2019,0.49
Aegon Life Insurance Company Ltd.,Aegon,Aegon Life,month_49,2020,0.52
Aegon Life Insurance Company Ltd.,Aegon,Aegon Life,month_49,2021,0.65
Ageas Federal Life Insurance Company Ltd.,Ageas,Ageas Federal Life,month_49,2016,0.539086042
Ageas Federal Life Insurance Company Ltd.,Ageas,Ageas Federal Life,month_49,2017,0.459268998
Ageas Federal Life Insurance Company Ltd.,Ageas,Ageas Federal Life,month_49,2018,0.519342785
Ageas Federal Life Insurance Company Ltd.,Ageas,Ageas Federal Life,month_49,2019,0.491842632
Ageas Federal Life Insurance Company Ltd.,Ageas,Ageas Federal Life,month_49,2020,0.464
Ageas Federal Life Insurance Company Ltd.,Ageas,Ageas Federal Life,month_49,2021,0.514144365
Aviva Life Insurance Company India Ltd.,Aviva,Aviva Life,month_49,2016,0.415125993
Aviva Life Insurance Company India Ltd.,Aviva,Aviva Life,month_49,2017,0.419072555
Aviva Life Insurance Company India Ltd.,Aviva,Aviva Life,month_49,2018,0.407798059
Aviva Life Insurance Company India Ltd.,Aviva,Aviva Life,month_49,2019,0.484
Aviva Life Insurance Company India Ltd.,Aviva,Aviva Life,month_49,2020,0.566
Aviva Life Insurance Company India Ltd.,Aviva,Aviva Life,month_49,2021,0.591038569
Bajaj Allianz Life Insurance Company Ltd.,BALIC,Bajaj Allianz Life,month_49,2016,0.281633673
Bajaj Allianz Life Insurance Company Ltd.,BALIC,Bajaj Allianz Life,month_49,2017,0.298004869
Bajaj Allianz Life Insurance Company Ltd.,BALIC,Bajaj Allianz Life,month_49,2018,0.341152851
Bajaj Allianz Life Insurance Company Ltd.,BALIC,Bajaj Allianz Life,month_49,2019,0.391414767
Bajaj Allianz Life Insurance Company Ltd.,BALIC,Bajaj Allianz Life,month_49,2020,0.3949
Bajaj Allianz Life Insurance Company Ltd.,BALIC,Bajaj Allianz Life,month_49,2021,0.402244776
Bharti AXA Life Insurance Company Ltd.,Bharti,Bharti AXA Life,month_49,2016,0.2768
Bharti AXA Life Insurance Company Ltd.,Bharti,Bharti AXA Life,month_49,2017,0.357856812
Bharti AXA Life Insurance Company Ltd.,Bharti,Bharti AXA Life,month_49,2018,0.428494568
Bharti AXA Life Insurance Company Ltd.,Bharti,Bharti AXA Life,month_49,2019,0.404040404
Bharti AXA Life Insurance Company Ltd.,Bharti,Bharti AXA Life,month_49,2020,0.4062
Bharti AXA Life Insurance Company Ltd.,Bharti,Bharti AXA Life,month_49,2021,0.397754685
Canara HSBC OBC Life Insurance Company Ltd.,CHOICE,Canara HSBC OBC Life,month_49,2016,0.414318345
Canara HSBC OBC Life Insurance Company Ltd.,CHOICE,Canara HSBC OBC Life,month_49,2017,0.392877138
Canara HSBC OBC Life Insurance Company Ltd.,CHOICE,Canara HSBC OBC Life,month_49,2018,0.418382613
Canara HSBC OBC Life Insurance Company Ltd.,CHOICE,Canara HSBC OBC Life,month_49,2019,0.468855364
Canara HSBC OBC Life Insurance Company Ltd.,CHOICE,Canara HSBC OBC Life,month_49,2020,0.5154
Canara HSBC OBC Life Insurance Company Ltd.,CHOICE,Canara HSBC OBC Life,month_49,2021,0.527353765
Edelweiss Tokio Life Insurance Company Ltd.,Edelweiss,Edelweiss Tokio Life,month_49,2016,0.288604077
Edelweiss Tokio Life Insurance Company Ltd.,Edelweiss,Edelweiss Tokio Life,month_49,2017,0.282798578
Edelweiss Tokio Life Insurance Company Ltd.,Edelweiss,Edelweiss Tokio Life,month_49,2018,0.330340576
Edelweiss Tokio Life Insurance Company Ltd.,Edelweiss,Edelweiss Tokio Life,month_49,2019,0.45958811
Edelweiss Tokio Life Insurance Company Ltd.,Edelweiss,Edelweiss Tokio Life,month_49,2020,0.4638
Edelweiss Tokio Life Insurance Company Ltd.,Edelweiss,Edelweiss Tokio Life,month_49,2021,0.524715984
Exide Life Insurance Company Ltd.,Exide,Exide Life,month_49,2016,0.364
Exide Life Insurance Company Ltd.,Exide,Exide Life,month_49,2017,0.373572225
Exide Life Insurance Company Ltd.,Exide,Exide Life,month_49,2018,0.379508654
Exide Life Insurance Company Ltd.,Exide,Exide Life,month_49,2019,0.383378854
Exide Life Insurance Company Ltd.,Exide,Exide Life,month_49,2020,0.3841
Exide Life Insurance Company Ltd.,Exide,Exide Life,month_49,2021,0.40774949
Future Generali India Life Insurance Company Ltd.,Future Generali,Future Generali India Life,month_49,2016,0.234386927
Future Generali India Life Insurance Company Ltd.,Future Generali,Future Generali India Life,month_49,2017,0.230291622
Future Generali India Life Insurance Company Ltd.,Future Generali,Future Generali India Life,month_49,2018,0.271540207
Future Generali India Life Insurance Company Ltd.,Future Generali,Future Generali India Life,month_49,2019,0.24261724
Future Generali India Life Insurance Company Ltd.,Future Generali,Future Generali India Life,month_49,2020,0.2904
Future Generali India Life Insurance Company Ltd.,Future Generali,Future Generali India Life,month_49,2021,0.327705165
HDFC Life Insurance Company Ltd.,HDFC,HDFC Life,month_49,2016,0.564278528
HDFC Life Insurance Company Ltd.,HDFC,HDFC Life,month_49,2017,0.53
HDFC Life Insurance Company Ltd.,HDFC,HDFC Life,month_49,2018,0.55
HDFC Life Insurance Company Ltd.,HDFC,HDFC Life,month_49,2019,0.573
HDFC Life Insurance Company Ltd.,HDFC,HDFC Life,month_49,2020,0.521
HDFC Life Insurance Company Ltd.,HDFC,HDFC Life,month_49,2021,0.517
ICICI Prudential Life Insurance Company Ltd.,ICICI Pru,ICICI Prudential Life,month_49,2016,0.553
ICICI Prudential Life Insurance Company Ltd.,ICICI Pru,ICICI Prudential Life,month_49,2017,0.538667952
ICICI Prudential Life Insurance Company Ltd.,ICICI Pru,ICICI Prudential Life,month_49,2018,0.594
ICICI Prudential Life Insurance Company Ltd.,ICICI Pru,ICICI Prudential Life,month_49,2019,0.62456162
ICICI Prudential Life Insurance Company Ltd.,ICICI Pru,ICICI Prudential Life,month_49,2020,0.63
ICICI Prudential Life Insurance Company Ltd.,ICICI Pru,ICICI Prudential Life,month_49,2021,0.617938631
IndiaFirst Life Insurance Company Ltd.,IFLI,IndiaFirst Life,month_49,2016,0.4886
IndiaFirst Life Insurance Company Ltd.,IFLI,IndiaFirst Life,month_49,2017,0.482
IndiaFirst Life Insurance Company Ltd.,IFLI,IndiaFirst Life,month_49,2018,0.418107748
IndiaFirst Life Insurance Company Ltd.,IFLI,IndiaFirst Life,month_49,2019,0.4376
IndiaFirst Life Insurance Company Ltd.,IFLI,IndiaFirst Life,month_49,2020,0.4859
IndiaFirst Life Insurance Company Ltd.,IFLI,IndiaFirst Life,month_49,2021,0.4676
Kotak Mahindra Life Insurance Ltd.,Kotak,Kotak Life,month_49,2016,0.511995239
Kotak Mahindra Life Insurance Ltd.,Kotak,Kotak Life,month_49,2017,0.53
Kotak Mahindra Life Insurance Ltd.,Kotak,Kotak Life,month_49,2018,0.55820533
Kotak Mahindra Life Insurance Ltd.,Kotak,Kotak Life,month_49,2019,0.6027
Kotak Mahindra Life Insurance Ltd.,Kotak,Kotak Life,month_49,2020,0.6063
Kotak Mahindra Life Insurance Ltd.,Kotak,Kotak Life,month_49,2021,0.628429397
MaxLife  Insurance Company Ltd.,Max,Max Life,month_49,2016,0.49
MaxLife  Insurance Company Ltd.,Max,Max Life,month_49,2017,0.49
MaxLife  Insurance Company Ltd.,Max,Max Life,month_49,2018,0.52
MaxLife  Insurance Company Ltd.,Max,Max Life,month_49,2019,0.54
MaxLife  Insurance Company Ltd.,Max,Max Life,month_49,2020,0.56
MaxLife  Insurance Company Ltd.,Max,Max Life,month_49,2021,0.53
PNB Metlife India Insurance Company Ltd.,PNB,PNB Metlife,month_49,2016,0.282
PNB Metlife India Insurance Company Ltd.,PNB,PNB Metlife,month_49,2017,0.3268
PNB Metlife India Insurance Company Ltd.,PNB,PNB Metlife,month_49,2018,0.3662
PNB Metlife India Insurance Company Ltd.,PNB,PNB Metlife,month_49,2019,0.408691817
PNB Metlife India Insurance Company Ltd.,PNB,PNB Metlife,month_49,2020,0.4525
PNB Metlife India Insurance Company Ltd.,PNB,PNB Metlife,month_49,2021,0.4979
Pramerica Life Insurance Company Ltd.,Pramerica,Pramerica Life,month_49,2016,0.209990749
Pramerica Life Insurance Company Ltd.,Pramerica,Pramerica Life,month_49,2017,0.195841553
Pramerica Life Insurance Company Ltd.,Pramerica,Pramerica Life,month_49,2018,0.290457966
Pramerica Life Insurance Company Ltd.,Pramerica,Pramerica Life,month_49,2019,0.366
Pramerica Life Insurance Company Ltd.,Pramerica,Pramerica Life,month_49,2020,0.6774
Pramerica Life Insurance Company Ltd.,Pramerica,Pramerica Life,month_49,2021,0.704015778
Reliance Nippon  Life Insurance Company Ltd.,Reliance,Reliance Nippon Life,month_49,2016,0.3613
Reliance Nippon  Life Insurance Company Ltd.,Reliance,Reliance Nippon Life,month_49,2017,0.36
Reliance Nippon  Life Insurance Company Ltd.,Reliance,Reliance Nippon Life,month_49,2018,0.383659014
Reliance Nippon  Life Insurance Company Ltd.,Reliance,Reliance Nippon Life,month_49,2019,0.403133418
Reliance Nippon  Life Insurance Company Ltd.,Reliance,Reliance Nippon Life,month_49,2020,0.4119
Reliance Nippon  Life Insurance Company Ltd.,Reliance,Reliance Nippon Life,month_49,2021,0.472621724
SBI Life Insurance Company Ltd.,SBI,SBI Life,month_49,2016,0.4252
SBI Life Insurance Company Ltd.,SBI,SBI Life,month_49,2017,0.395037323
SBI Life Insurance Company Ltd.,SBI,SBI Life,month_49,2018,0.503862461
SBI Life Insurance Company Ltd.,SBI,SBI Life,month_49,2019,0.4803
SBI Life Insurance Company Ltd.,SBI,SBI Life,month_49,2020,0.4921
SBI Life Insurance Company Ltd.,SBI,SBI Life,month_49,2021,0.50587824
Shriram Life Insurance Company Ltd.,Shriram,Shriram Life,month_49,2016,0.290481099
Shriram Life Insurance Company Ltd.,Shriram,Shriram Life,month_49,2017,0.223720887
Shriram Life Insurance Company Ltd.,Shriram,Shriram Life,month_49,2018,0.272348454
Shriram Life Insurance Company Ltd.,Shriram,Shriram Life,month_49,2019,0.240695903
Shriram Life Insurance Company Ltd.,Shriram,Shriram Life,month_49,2020,0.2029
Shriram Life Insurance Company Ltd.,Shriram,Shriram Life,month_49,2021,0.31163338
Star Union Dai-ichi Life Insurance Company Ltd.,SUD,Star Union Dai-ichi Life,month_49,2016,0.2976
Star Union Dai-ichi Life Insurance Company Ltd.,SUD,Star Union Dai-ichi Life,month_49,2017,0.288872626
Star Union Dai-ichi Life Insurance Company Ltd.,SUD,Star Union Dai-ichi Life,month_49,2018,0.4662
Star Union Dai-ichi Life Insurance Company Ltd.,SUD,Star Union Dai-ichi Life,month_49,2019,0.49339574
Star Union Dai-ichi Life Insurance Company Ltd.,SUD,Star Union Dai-ichi Life,month_49,2020,0.3974
Star Union Dai-ichi Life Insurance Company Ltd.,SUD,Star Union Dai-ichi Life,month_49,2021,0.435705907
TATA AIA Life Insurance Company Ltd.,Tata,Tata AIA Life,month_49,2016,0.3609
TATA AIA Life Insurance Company Ltd.,Tata,Tata AIA Life,month_49,2017,0.353545514
TATA AIA Life Insurance Company Ltd.,Tata,Tata AIA Life,month_49,2018,0.3992
TATA AIA Life Insurance Company Ltd.,Tata,Tata AIA Life,month_49,2019,0.4383
TATA AIA Life Insurance Company Ltd.,Tata,Tata AIA Life,month_49,2020,0.4362
TATA AIA Life Insurance Company Ltd.,Tata,Tata AIA Life,month_49,2021,0.495348656
Aditya Birla Sunlife Insurance Company Ltd.,ABSLI,Aditya Birla Sunlife,month_61,2016,0.28
Aditya Birla Sunlife Insurance Company Ltd.,ABSLI,Aditya Birla Sunlife,month_61,2017,0.27
Aditya Birla Sunlife Insurance Company Ltd.,ABSLI,Aditya Birla Sunlife,month_61,2018,0.29
Aditya Birla Sunlife Insurance Company Ltd.,ABSLI,Aditya Birla Sunlife,month_61,2019,0.32
Aditya Birla Sunlife Insurance Company Ltd.,ABSLI,Aditya Birla Sunlife,month_61,2020,0.36
Aditya Birla Sunlife Insurance Company Ltd.,ABSLI,Aditya Birla Sunlife,month_61,2021,0.38
Aegon Life Insurance Company Ltd.,Aegon,Aegon Life,month_61,2016,0.273130108
Aegon Life Insurance Company Ltd.,Aegon,Aegon Life,month_61,2017,0.31
Aegon Life Insurance Company Ltd.,Aegon,Aegon Life,month_61,2018,0.48
Aegon Life Insurance Company Ltd.,Aegon,Aegon Life,month_61,2019,0.5
Aegon Life Insurance Company Ltd.,Aegon,Aegon Life,month_61,2020,0.37
Aegon Life Insurance Company Ltd.,Aegon,Aegon Life,month_61,2021,0.39
Ageas Federal Life Insurance Company Ltd.,Ageas,Ageas Federal Life,month_61,2016,0.581121721
Ageas Federal Life Insurance Company Ltd.,Ageas,Ageas Federal Life,month_61,2017,0.516189087
Ageas Federal Life Insurance Company Ltd.,Ageas,Ageas Federal Life,month_61,2018,0.434346661
Ageas Federal Life Insurance Company Ltd.,Ageas,Ageas Federal Life,month_61,2019,0.499385086
Ageas Federal Life Insurance Company Ltd.,Ageas,Ageas Federal Life,month_61,2020,0.4391
Ageas Federal Life Insurance Company Ltd.,Ageas,Ageas Federal Life,month_61,2021,0.410966924
Aviva Life Insurance Company India Ltd.,Aviva,Aviva Life,month_61,2016,0.31531169
Aviva Life Insurance Company India Ltd.,Aviva,Aviva Life,month_61,2017,0.375026263
Aviva Life Insurance Company India Ltd.,Aviva,Aviva Life,month_61,2018,0.386756715
Aviva Life Insurance Company India Ltd.,Aviva,Aviva Life,month_61,2019,0.381
Aviva Life Insurance Company India Ltd.,Aviva,Aviva Life,month_61,2020,0.378
Aviva Life Insurance Company India Ltd.,Aviva,Aviva Life,month_61,2021,0.39072056
Bajaj Allianz Life Insurance Company Ltd.,BALIC,Bajaj Allianz Life,month_61,2016,0.148631165
Bajaj Allianz Life Insurance Company Ltd.,BALIC,Bajaj Allianz Life,month_61,2017,0.243435723
Bajaj Allianz Life Insurance Company Ltd.,BALIC,Bajaj Allianz Life,month_61,2018,0.271187839
Bajaj Allianz Life Insurance Company Ltd.,BALIC,Bajaj Allianz Life,month_61,2019,0.306582802
Bajaj Allianz Life Insurance Company Ltd.,BALIC,Bajaj Allianz Life,month_61,2020,0.298
Bajaj Allianz Life Insurance Company Ltd.,BALIC,Bajaj Allianz Life,month_61,2021,0.351106629
Bharti AXA Life Insurance Company Ltd.,Bharti,Bharti AXA Life,month_61,2016,0.1653
Bharti AXA Life Insurance Company Ltd.,Bharti,Bharti AXA Life,month_61,2017,0.245224187
Bharti AXA Life Insurance Company Ltd.,Bharti,Bharti AXA Life,month_61,2018,0.334173154
Bharti AXA Life Insurance Company Ltd.,Bharti,Bharti AXA Life,month_61,2019,0.388311764
Bharti AXA Life Insurance Company Ltd.,Bharti,Bharti AXA Life,month_61,2020,0.3425
Bharti AXA Life Insurance Company Ltd.,Bharti,Bharti AXA Life,month_61,2021,0.37487836
Canara HSBC OBC Life Insurance Company Ltd.,CHOICE,Canara HSBC OBC Life,month_61,2016,0.31043089
Canara HSBC OBC Life Insurance Company Ltd.,CHOICE,Canara HSBC OBC Life,month_61,2017,0.345395719
Canara HSBC OBC Life Insurance Company Ltd.,CHOICE,Canara HSBC OBC Life,month_61,2018,0.342562693
Canara HSBC OBC Life Insurance Company Ltd.,CHOICE,Canara HSBC OBC Life,month_61,2019,0.376099547
Canara HSBC OBC Life Insurance Company Ltd.,CHOICE,Canara HSBC OBC Life,month_61,2020,0.4187
Canara HSBC OBC Life Insurance Company Ltd.,CHOICE,Canara HSBC OBC Life,month_61,2021,0.456898932
Edelweiss Tokio Life Insurance Company Ltd.,Edelweiss,Edelweiss Tokio Life,month_61,2016,0.259585652
Edelweiss Tokio Life Insurance Company Ltd.,Edelweiss,Edelweiss Tokio Life,month_61,2017,0.259585652
Edelweiss Tokio Life Insurance Company Ltd.,Edelweiss,Edelweiss Tokio Life,month_61,2018,0.255836448
Edelweiss Tokio Life Insurance Company Ltd.,Edelweiss,Edelweiss Tokio Life,month_61,2019,0.298678228
Edelweiss Tokio Life Insurance Company Ltd.,Edelweiss,Edelweiss Tokio Life,month_61,2020,0.3979
Edelweiss Tokio Life Insurance Company Ltd.,Edelweiss,Edelweiss Tokio Life,month_61,2021,0.442779587
Exide Life Insurance Company Ltd.,Exide,Exide Life,month_61,2016,0.301
Exide Life Insurance Company Ltd.,Exide,Exide Life,month_61,2017,0.311251461
Exide Life Insurance Company Ltd.,Exide,Exide Life,month_61,2018,0.322219848
Exide Life Insurance Company Ltd.,Exide,Exide Life,month_61,2019,0.330283104
Exide Life Insurance Company Ltd.,Exide,Exide Life,month_61,2020,0.3349
Exide Life Insurance Company Ltd.,Exide,Exide Life,month_61,2021,0.327534631
Future Generali India Life Insurance Company Ltd.,Future Generali,Future Generali India Life,month_61,2016,0.166079703
Future Generali India Life Insurance Company Ltd.,Future Generali,Future Generali India Life,month_61,2017,0.204576648
Future Generali India Life Insurance Company Ltd.,Future Generali,Future Generali India Life,month_61,2018,0.200761953
Future Generali India Life Insurance Company Ltd.,Future Generali,Future Generali India Life,month_61,2019,0.226109512
Future Generali India Life Insurance Company Ltd.,Future Generali,Future Generali India Life,month_61,2020,0.1904
Future Generali India Life Insurance Company Ltd.,Future Generali,Future Generali India Life,month_61,2021,0.255396663
HDFC Life Insurance Company Ltd.,HDFC,HDFC Life,month_61,2016,0.413637956
HDFC Life Insurance Company Ltd.,HDFC,HDFC Life,month_61,2017,0.5
HDFC Life Insurance Company Ltd.,HDFC,HDFC Life,month_61,2018,0.47
HDFC Life Insurance Company Ltd.,HDFC,HDFC Life,month_61,2019,0.472
HDFC Life Insurance Company Ltd.,HDFC,HDFC Life,month_61,2020,0.472
HDFC Life Insurance Company Ltd.,HDFC,HDFC Life,month_61,2021,0.434
ICICI Prudential Life Insurance Company Ltd.,ICICI Pru,ICICI Prudential Life,month_61,2016,0.352
ICICI Prudential Life Insurance Company Ltd.,ICICI Pru,ICICI Prudential Life,month_61,2017,0.491215413
ICICI Prudential Life Insurance Company Ltd.,ICICI Pru,ICICI Prudential Life,month_61,2018,0.491
ICICI Prudential Life Insurance Company Ltd.,ICICI Pru,ICICI Prudential Life,month_61,2019,0.533036521
ICICI Prudential Life Insurance Company Ltd.,ICICI Pru,ICICI Prudential Life,month_61,2020,0.565
ICICI Prudential Life Insurance Company Ltd.,ICICI Pru,ICICI Prudential Life,month_61,2021,0.564200905
IndiaFirst Life Insurance Company Ltd.,IFLI,IndiaFirst Life,month_61,2016,0.2601
IndiaFirst Life Insurance Company Ltd.,IFLI,IndiaFirst Life,month_61,2017,0.3578
IndiaFirst Life Insurance Company Ltd.,IFLI,IndiaFirst Life,month_61,2018,0.384137511
IndiaFirst Life Insurance Company Ltd.,IFLI,IndiaFirst Life,month_61,2019,0.3363
IndiaFirst Life Insurance Company Ltd.,IFLI,IndiaFirst Life,month_61,2020,0.374
IndiaFirst Life Insurance Company Ltd.,IFLI,IndiaFirst Life,month_61,2021,0.3963
Kotak Mahindra Life Insurance Ltd.,Kotak,Kotak Life,month_61,2016,0.373861642
Kotak Mahindra Life Insurance Ltd.,Kotak,Kotak Life,month_61,2017,0.45
Kotak Mahindra Life Insurance Ltd.,Kotak,Kotak Life,month_61,2018,0.47204621
Kotak Mahindra Life Insurance Ltd.,Kotak,Kotak Life,month_61,2019,0.4664
Kotak Mahindra Life Insurance Ltd.,Kotak,Kotak Life,month_61,2020,0.4887
Kotak Mahindra Life Insurance Ltd.,Kotak,Kotak Life,month_61,2021,0.508094582
MaxLife  Insurance Company Ltd.,Max,Max Life,month_61,2016,0.37
MaxLife  Insurance Company Ltd.,Max,Max Life,month_61,2017,0.46
MaxLife  Insurance Company Ltd.,Max,Max Life,month_61,2018,0.47
MaxLife  Insurance Company Ltd.,Max,Max Life,month_61,2019,0.49
MaxLife  Insurance Company Ltd.,Max,Max Life,month_61,2020,0.5
MaxLife  Insurance Company Ltd.,Max,Max Life,month_61,2021,0.5
PNB Metlife India Insurance Company Ltd.,PNB,PNB Metlife,month_61,2016,0.171
PNB Metlife India Insurance Company Ltd.,PNB,PNB Metlife,month_61,2017,0.2445
PNB Metlife India Insurance Company Ltd.,PNB,PNB Metlife,month_61,2018,0.2647
PNB Metlife India Insurance Company Ltd.,PNB,PNB Metlife,month_61,2019,0.301629388
PNB Metlife India Insurance Company Ltd.,PNB,PNB Metlife,month_61,2020,0.3148
PNB Metlife India Insurance Company Ltd.,PNB,PNB Metlife,month_61,2021,0.3865
Pramerica Life Insurance Company Ltd.,Pramerica,Pramerica Life,month_61,2016,0.156585486
Pramerica Life Insurance Company Ltd.,Pramerica,Pramerica Life,month_61,2017,0.221753407
Pramerica Life Insurance Company Ltd.,Pramerica,Pramerica Life,month_61,2018,0.155962393
Pramerica Life Insurance Company Ltd.,Pramerica,Pramerica Life,month_61,2019,0.266
Pramerica Life Insurance Company Ltd.,Pramerica,Pramerica Life,month_61,2020,0.5733
Pramerica Life Insurance Company Ltd.,Pramerica,Pramerica Life,month_61,2021,0.629127052
Reliance Nippon  Life Insurance Company Ltd.,Reliance,Reliance Nippon Life,month_61,2016,0.1617
Reliance Nippon  Life Insurance Company Ltd.,Reliance,Reliance Nippon Life,month_61,2017,0.314
Reliance Nippon  Life Insurance Company Ltd.,Reliance,Reliance Nippon Life,month_61,2018,0.329709306
Reliance Nippon  Life Insurance Company Ltd.,Reliance,Reliance Nippon Life,month_61,2019,0.361363415
Reliance Nippon  Life Insurance Company Ltd.,Reliance,Reliance Nippon Life,month_61,2020,0.3598
Reliance Nippon  Life Insurance Company Ltd.,Reliance,Reliance Nippon Life,month_61,2021,0.389995225
SBI Life Insurance Company Ltd.,SBI,SBI Life,month_61,2016,0.2344
SBI Life Insurance Company Ltd.,SBI,SBI Life,month_61,2017,0.371885726
SBI Life Insurance Company Ltd.,SBI,SBI Life,month_61,2018,0.379981974
SBI Life Insurance Company Ltd.,SBI,SBI Life,month_61,2019,0.4228
SBI Life Insurance Company Ltd.,SBI,SBI Life,month_61,2020,0.4261
SBI Life Insurance Company Ltd.,SBI,SBI Life,month_61,2021,0.389239785
Shriram Life Insurance Company Ltd.,Shriram,Shriram Life,month_61,2016,0.28033388
Shriram Life Insurance Company Ltd.,Shriram,Shriram Life,month_61,2017,0.245291574
Shriram Life Insurance Company Ltd.,Shriram,Shriram Life,month_61,2018,0.193375438
Shriram Life Insurance Company Ltd.,Shriram,Shriram Life,month_61,2019,0.237197479
Shriram Life Insurance Company Ltd.,Shriram,Shriram Life,month_61,2020,0.1934
Shriram Life Insurance Company Ltd.,Shriram,Shriram Life,month_61,2021,0.216297647
Star Union Dai-ichi Life Insurance Company Ltd.,SUD,Star Union Dai-ichi Life,month_61,2016,0.214
Star Union Dai-ichi Life Insurance Company Ltd.,SUD,Star Union Dai-ichi Life,month_61,2017,0.224972527
Star Union Dai-ichi Life Insurance Company Ltd.,SUD,Star Union Dai-ichi Life,month_61,2018,0.4285
Star Union Dai-ichi Life Insurance Company Ltd.,SUD,Star Union Dai-ichi Life,month_61,2019,0.427370981
Star Union Dai-ichi Life Insurance Company Ltd.,SUD,Star Union Dai-ichi Life,month_61,2020,0.2586
Star Union Dai-ichi Life Insurance Company Ltd.,SUD,Star Union Dai-ichi Life,month_61,2021,0.356462759
TATA AIA Life Insurance Company Ltd.,Tata,Tata AIA Life,month_61,2016,0.2402
TATA AIA Life Insurance Company Ltd.,Tata,Tata AIA Life,month_61,2017,0.33217107
TATA AIA Life Insurance Company Ltd.,Tata,Tata AIA Life,month_61,2018,0.3274
TATA AIA Life Insurance Company Ltd.,Tata,Tata AIA Life,month_61,2019,0.3797
TATA AIA Life Insurance Company Ltd.,Tata,Tata AIA Life,month_61,2020,0.427
TATA AIA Life Insurance Company Ltd.,Tata,Tata AIA Life,month_61,2021,0.39752259
